{
    "accuracy": 0.8503287454092853,
    "precision_macro": 0.3237068199170866,
    "precision_weighted": 0.9046473545114304,
    "recall_macro": 0.40155717466423757,
    "recall_weighted": 0.8503287454092853,
    "f1_macro": 0.2685973709876143,
    "f1_weighted": 0.8532224213512198,
    "per_class": {
        "Benign": {
            "precision": 0.9991098348887294,
            "recall": 0.9710043814361063,
            "f1-score": 0.9848566333606952,
            "support": 71666.0
        },
        "Analysis": {
            "precision": 0.06666666666666667,
            "recall": 0.974025974025974,
            "f1-score": 0.12479201331114807,
            "support": 77.0
        },
        "Backdoor": {
            "precision": 0.027156549520766772,
            "recall": 0.18888888888888888,
            "f1-score": 0.04748603351955307,
            "support": 90.0
        },
        "DoS": {
            "precision": 0.08018867924528301,
            "recall": 0.05704697986577181,
            "f1-score": 0.06666666666666667,
            "support": 894.0
        },
        "Exploits": {
            "precision": 0.7937728937728937,
            "recall": 0.35008077544426497,
            "f1-score": 0.4858744394618834,
            "support": 6190.0
        },
        "Fuzzers": {
            "precision": 0.5460809646856158,
            "recall": 0.10704035117339186,
            "f1-score": 0.17899491812535293,
            "support": 5923.0
        },
        "Generic": {
            "precision": 0.22102649006622516,
            "recall": 0.28802588996763756,
            "f1-score": 0.25011709601873544,
            "support": 927.0
        },
        "Reconnaissance": {
            "precision": 0.2717736033178824,
            "recall": 0.9985061248879593,
            "f1-score": 0.4272564561493224,
            "support": 3347.0
        },
        "Shellcode": {
            "precision": 0.23129251700680273,
            "recall": 0.08095238095238096,
            "f1-score": 0.11992945326278659,
            "support": 420.0
        },
        "Worms": {
            "precision": 0.0,
            "recall": 0.0,
            "f1-score": 0.0,
            "support": 49.0
        },
        "accuracy": 0.8503287454092853,
        "macro avg": {
            "precision": 0.3237068199170866,
            "recall": 0.40155717466423757,
            "f1-score": 0.2685973709876143,
            "support": 89583.0
        },
        "weighted avg": {
            "precision": 0.9046473545114304,
            "recall": 0.8503287454092853,
            "f1-score": 0.8532224213512198,
            "support": 89583.0
        }
    },
    "matthews_corrcoef": 0.6078537163586639,
    "cohen_kappa": 0.5951365257685356
}