{
    "accuracy": 0.8702320752821406,
    "precision_macro": 0.3621182543740867,
    "precision_weighted": 0.9042261609937745,
    "recall_macro": 0.31643782757348327,
    "recall_weighted": 0.8702320752821406,
    "f1_macro": 0.2870016950479533,
    "f1_weighted": 0.8681534797837916,
    "per_class": {
        "Benign": {
            "precision": 0.9992824648766557,
            "recall": 0.9716322942539001,
            "f1-score": 0.985263425988157,
            "support": 71666.0
        },
        "Analysis": {
            "precision": 0.0,
            "recall": 0.0,
            "f1-score": 0.0,
            "support": 77.0
        },
        "Backdoor": {
            "precision": 0.0,
            "recall": 0.0,
            "f1-score": 0.0,
            "support": 90.0
        },
        "DoS": {
            "precision": 0.17153284671532848,
            "recall": 0.15771812080536912,
            "f1-score": 0.16433566433566435,
            "support": 894.0
        },
        "Exploits": {
            "precision": 0.6301699262584162,
            "recall": 0.6350565428109854,
            "f1-score": 0.6326037978757644,
            "support": 6190.0
        },
        "Fuzzers": {
            "precision": 0.6155642023346304,
            "recall": 0.1335471889245315,
            "f1-score": 0.21947835738068816,
            "support": 5923.0
        },
        "Generic": {
            "precision": 0.6270270270270271,
            "recall": 0.12513484358144553,
            "f1-score": 0.20863309352517984,
            "support": 927.0
        },
        "Reconnaissance": {
            "precision": 0.29544840018026136,
            "recall": 0.9793845234538393,
            "f1-score": 0.453953746018557,
            "support": 3347.0
        },
        "Shellcode": {
            "precision": 0.2821576763485477,
            "recall": 0.1619047619047619,
            "f1-score": 0.20574886535552198,
            "support": 420.0
        },
        "Worms": {
            "precision": 0.0,
            "recall": 0.0,
            "f1-score": 0.0,
            "support": 49.0
        },
        "accuracy": 0.8702320752821406,
        "macro avg": {
            "precision": 0.3621182543740867,
            "recall": 0.31643782757348327,
            "f1-score": 0.2870016950479533,
            "support": 89583.0
        },
        "weighted avg": {
            "precision": 0.9042261609937745,
            "recall": 0.8702320752821406,
            "f1-score": 0.8681534797837916,
            "support": 89583.0
        }
    },
    "matthews_corrcoef": 0.656585992270015,
    "cohen_kappa": 0.6466039603394662
}